{"errors":[],"warnings":[],"namedChunkGroups":{"app":{"chunks":[14,3],"assets":["webpack-runtime-40aed122d7b8a98a33f8.js","webpack-runtime-40aed122d7b8a98a33f8.js.map","app-026d1526bacd5612cfe4.js","app-026d1526bacd5612cfe4.js.map"],"children":{},"childAssets":{}},"component---src-templates-albums-js":{"chunks":[0,1,2,10],"assets":["0-c007d37a39d4d2f4f4b4.js","0-c007d37a39d4d2f4f4b4.js.map","1-3366f415d0cb77262a26.js","1-3366f415d0cb77262a26.js.map","2.6178040f584882d6f7e8.css","2-2ad2c9ff7691dcb1b186.js","2-2ad2c9ff7691dcb1b186.js.map","component---src-templates-albums-js.fd91f68b8b0ea2bb3da5.css","component---src-templates-albums-js-7e6a65d8081e8b83e2e5.js","component---src-templates-albums-js-7e6a65d8081e8b83e2e5.js.map"],"children":{},"childAssets":{}},"component---src-templates-events-js":{"chunks":[0,1,2,11],"assets":["0-c007d37a39d4d2f4f4b4.js","0-c007d37a39d4d2f4f4b4.js.map","1-3366f415d0cb77262a26.js","1-3366f415d0cb77262a26.js.map","2.6178040f584882d6f7e8.css","2-2ad2c9ff7691dcb1b186.js","2-2ad2c9ff7691dcb1b186.js.map","component---src-templates-events-js.f24195d218aeac25ebbf.css","component---src-templates-events-js-0270c937625e6615a39d.js","component---src-templates-events-js-0270c937625e6615a39d.js.map"],"children":{},"childAssets":{}},"component---src-templates-posts-js":{"chunks":[0,1,12],"assets":["0-c007d37a39d4d2f4f4b4.js","0-c007d37a39d4d2f4f4b4.js.map","1-3366f415d0cb77262a26.js","1-3366f415d0cb77262a26.js.map","component---src-templates-posts-js.4e06483e44737582e2fa.css","component---src-templates-posts-js-5c0825e52cf5171fa0ec.js","component---src-templates-posts-js-5c0825e52cf5171fa0ec.js.map"],"children":{},"childAssets":{}},"component---src-templates-songs-js":{"chunks":[0,1,13],"assets":["0-c007d37a39d4d2f4f4b4.js","0-c007d37a39d4d2f4f4b4.js.map","1-3366f415d0cb77262a26.js","1-3366f415d0cb77262a26.js.map","component---src-templates-songs-js.523e8745460d605cae86.css","component---src-templates-songs-js-b289983739fd6ecdf069.js","component---src-templates-songs-js-b289983739fd6ecdf069.js.map"],"children":{},"childAssets":{}},"component---src-pages-albums-js":{"chunks":[0,2,4],"assets":["0-c007d37a39d4d2f4f4b4.js","0-c007d37a39d4d2f4f4b4.js.map","2.6178040f584882d6f7e8.css","2-2ad2c9ff7691dcb1b186.js","2-2ad2c9ff7691dcb1b186.js.map","component---src-pages-albums-js.3af88d53103840ffd9af.css","component---src-pages-albums-js-49edf66c4cb25e243c00.js","component---src-pages-albums-js-49edf66c4cb25e243c00.js.map"],"children":{},"childAssets":{}},"component---src-pages-events-js":{"chunks":[0,1,5],"assets":["0-c007d37a39d4d2f4f4b4.js","0-c007d37a39d4d2f4f4b4.js.map","1-3366f415d0cb77262a26.js","1-3366f415d0cb77262a26.js.map","component---src-pages-events-js.485d9504b230c3210a37.css","component---src-pages-events-js-dfda34347483ff8387d1.js","component---src-pages-events-js-dfda34347483ff8387d1.js.map"],"children":{},"childAssets":{}},"component---src-pages-index-js":{"chunks":[0,6],"assets":["0-c007d37a39d4d2f4f4b4.js","0-c007d37a39d4d2f4f4b4.js.map","component---src-pages-index-js.c3827ba340dd98aaa64e.css","component---src-pages-index-js-d843e06a1b387082c77f.js","component---src-pages-index-js-d843e06a1b387082c77f.js.map"],"children":{},"childAssets":{}},"component---src-pages-posts-js":{"chunks":[0,7],"assets":["0-c007d37a39d4d2f4f4b4.js","0-c007d37a39d4d2f4f4b4.js.map","component---src-pages-posts-js.3962206a8d9ac215fe05.css","component---src-pages-posts-js-ff2b6a1850153b7ade33.js","component---src-pages-posts-js-ff2b6a1850153b7ade33.js.map"],"children":{},"childAssets":{}},"component---src-pages-songs-js":{"chunks":[0,1,8],"assets":["0-c007d37a39d4d2f4f4b4.js","0-c007d37a39d4d2f4f4b4.js.map","1-3366f415d0cb77262a26.js","1-3366f415d0cb77262a26.js.map","component---src-pages-songs-js.b3f42b25be35cf5934b7.css","component---src-pages-songs-js-2698f37a2c84e5adf2aa.js","component---src-pages-songs-js-2698f37a2c84e5adf2aa.js.map"],"children":{},"childAssets":{}},"component---src-pages-subscribe-js":{"chunks":[0,9],"assets":["0-c007d37a39d4d2f4f4b4.js","0-c007d37a39d4d2f4f4b4.js.map","component---src-pages-subscribe-js.106e08b788a0badec48d.css","component---src-pages-subscribe-js-f7e81fea8946c0173f13.js","component---src-pages-subscribe-js-f7e81fea8946c0173f13.js.map"],"children":{},"childAssets":{}}},"assetsByChunkName":{"app":["webpack-runtime-40aed122d7b8a98a33f8.js","app-026d1526bacd5612cfe4.js"],"component---src-templates-albums-js":["0-c007d37a39d4d2f4f4b4.js","1-3366f415d0cb77262a26.js","2.6178040f584882d6f7e8.css","2-2ad2c9ff7691dcb1b186.js","component---src-templates-albums-js.fd91f68b8b0ea2bb3da5.css","component---src-templates-albums-js-7e6a65d8081e8b83e2e5.js"],"component---src-templates-events-js":["0-c007d37a39d4d2f4f4b4.js","1-3366f415d0cb77262a26.js","2.6178040f584882d6f7e8.css","2-2ad2c9ff7691dcb1b186.js","component---src-templates-events-js.f24195d218aeac25ebbf.css","component---src-templates-events-js-0270c937625e6615a39d.js"],"component---src-templates-posts-js":["0-c007d37a39d4d2f4f4b4.js","1-3366f415d0cb77262a26.js","component---src-templates-posts-js.4e06483e44737582e2fa.css","component---src-templates-posts-js-5c0825e52cf5171fa0ec.js"],"component---src-templates-songs-js":["0-c007d37a39d4d2f4f4b4.js","1-3366f415d0cb77262a26.js","component---src-templates-songs-js.523e8745460d605cae86.css","component---src-templates-songs-js-b289983739fd6ecdf069.js"],"component---src-pages-albums-js":["0-c007d37a39d4d2f4f4b4.js","2.6178040f584882d6f7e8.css","2-2ad2c9ff7691dcb1b186.js","component---src-pages-albums-js.3af88d53103840ffd9af.css","component---src-pages-albums-js-49edf66c4cb25e243c00.js"],"component---src-pages-events-js":["0-c007d37a39d4d2f4f4b4.js","1-3366f415d0cb77262a26.js","component---src-pages-events-js.485d9504b230c3210a37.css","component---src-pages-events-js-dfda34347483ff8387d1.js"],"component---src-pages-index-js":["0-c007d37a39d4d2f4f4b4.js","component---src-pages-index-js.c3827ba340dd98aaa64e.css","component---src-pages-index-js-d843e06a1b387082c77f.js"],"component---src-pages-posts-js":["0-c007d37a39d4d2f4f4b4.js","component---src-pages-posts-js.3962206a8d9ac215fe05.css","component---src-pages-posts-js-ff2b6a1850153b7ade33.js"],"component---src-pages-songs-js":["0-c007d37a39d4d2f4f4b4.js","1-3366f415d0cb77262a26.js","component---src-pages-songs-js.b3f42b25be35cf5934b7.css","component---src-pages-songs-js-2698f37a2c84e5adf2aa.js"],"component---src-pages-subscribe-js":["0-c007d37a39d4d2f4f4b4.js","component---src-pages-subscribe-js.106e08b788a0badec48d.css","component---src-pages-subscribe-js-f7e81fea8946c0173f13.js"]}}